测试样本	最大TM-score	最相似训练样本	高相似度计数
7Q48	0.6575	5v3f_A	90
7QDU	0.1189	3dil_A	0
7SHX	0.4118	5m73_A	0
7SXP	0.8194	6c65_B	83
7UCR	0.9479	1q96_B	4755
7UGA	1.0000	7uga_A	2214
7UMC	0.6314	1x8w_A	67
7UMD	0.7157	7lva_A	1563
7UME	0.9467	6wlk_A	4838
7V06	0.8300	5lys_A	3117
7WIA	0.8106	5o9z_5	2919
7ZJ5	0.1681	7obq_1	0
8BTZ	0.2699	7sam_A	0
8BU8	0.1828	7obq_1	0
8BWT	0.8826	3j46_4	4653
8CLR	0.9821	6kyv_I	5501
8CQ1	0.8567	5zal_C	3272
8FCS	0.7876	3izd_A	257
8I44	0.8564	1fyo_A	4650
8ITS	0.7439	7scq_C	205
8JHP	0.8591	5mq0_5	4572
8K15	0.1938	6d8m_A	0
8Q4O	0.6548	6v9d_E	79
8QO2	0.2709	1foq_A	0
8QO3	0.4500	1foq_A	0
8QO4	0.3878	7qwq_1	0
8SCH	0.5225	5f9r_A	10
8SP9	0.5536	6jxm_B	4
8TJU	0.3073	1x8w_B	0
8TNS	0.5807	6c65_B	72
8TVZ	0.1569	4erj_A	0
8UPT	0.8919	6xzb_g2	1167
8UTG	0.7086	6c63_A	70
8UYE	0.3897	3pdr_A	0
8UYS	0.3974	7mlw_F	0
8V1H	0.6329	3zju_B	969
8V1I	0.7666	5ud5_D	1146
8VCI	0.3812	7lyj_A	0
8VPV	0.9630	4rzd_A	3
8VT5	0.7433	3zju_B	1130
8XZL	0.7170	4m4o_B	2186
9BUN	0.6556	1z43_A	1080
9EOW	0.8569	3moj_A	4170
